Point_forecast,lower_95,upper_95
10890.476733731404,10642.44203156311,11108.621247738109
10860.094959195363,10578.915298070493,11141.321058534115
10934.972151804688,10641.810058935622,11238.110733369882
11059.017257173327,10745.19924197497,11372.301066199308
11065.791356671798,10695.829594265246,11428.189289092841
10952.267361167564,10542.895839131643,11319.215353094918
